Test,Cells per Block,Pixels per Cell,Orientations,Feature Size,AUC,Accuracy,Precision,Recall,Training Accuracy,Prediction Time (s),TP,TN,FP,FN
1,3,4,7,15876,0.9991815639764728,0.9885798879137148,0.9886101688649572,0.9885798879137148,1.0,20.801462411880493,3415,5934,66,42
2,3,4,11,24948,0.9993057564362164,0.9901660145923654,0.9901890367731129,0.9901660145923654,1.0,31.74373197555542,3421,5943,57,36
